"App","Category","Rating","Reviews","Size","Installs","Type","Price","Content.Rating","Genres","Last.Updated","Current.Ver","Android.Ver"
"Camera360: Selfie Photo Editor with Funny Sticker","PHOTOGRAPHY",4.3,"4865093","51M","100,000,000+","Free","0","Everyone","Photography","August 6, 2018","9.3.1","4.0.3 and up"
"Discord - Chat for Gamers","COMMUNICATION",4.5,"305347","39M","10,000,000+","Free","0","Teen","Communication","July 27, 2018","7.1.8","4.1 and up"
"Remix Second Hand","SHOPPING",4.2,"867","7.5M","100,000+","Free","0","Everyone","Shopping","August 2, 2018","1.5.8","4.4 and up"
"Photo Lab Picture Editor: face effects, art frames","PHOTOGRAPHY",4.5,"1536512","Varies with device","50,000,000+","Free","0","Everyone","Photography","July 17, 2018","Varies with device","Varies with device"
"Tee and Mo Bath Time Free","FAMILY",3.6,"418","97M","100,000+","Free","0","Everyone","Educational;Education","November 7, 2016","1.0.3","4.0.3 and up"
"Dentist Surgery ER Emergency Doctor Hospital Games","FAMILY",3.5,"2580","53M","100,000+","Free","0","Everyone","Simulation","July 6, 2018","10","4.1 and up"
"Unlimited Group Links - Whatsapp, FB, Telegram","SOCIAL",3.4,"44","2.8M","10,000+","Free","0","Mature 17+","Social","July 3, 2018","4.0","4.0.3 and up"
"CD Ready","BUSINESS",4.6,"52","Varies with device","1,000+","Free","0","Everyone","Business","February 2, 2017","6.3.3","4.0 and up"
"BU Bookstore","SHOPPING",NA,"2","7.6M","1,000+","Free","0","Everyone","Shopping","March 19, 2018","3.0.2","4.1 and up"
"Find Lover","DATING",NA,"21","4.7M","1,000+","Free","0","Mature 17+","Dating","July 27, 2018","1.0.2","4.0.3 and up"
"ABCmouse.com","FAMILY",4.3,"50887","91M","5,000,000+","Free","0","Everyone","Education;Education","July 3, 2018","7.2.0","4.4 and up"
"Shoot Bubble - Fruit Splash","GAME",4.6,"29445","29M","5,000,000+","Free","0","Everyone","Casual","May 11, 2018","14.0","4.0.3 and up"
"CJ Wilson's ZoomZoomnation","PRODUCTIVITY",4,"4","8.2M","500+","Free","0","Everyone","Productivity","July 11, 2018","3.5.3","4.0.3 and up"
"Wrestling Revolution 3D","SPORTS",4.3,"989344","51M","50,000,000+","Free","0","Teen","Sports","July 23, 2018","1.640","4.0 and up"
"DF Glue Board","PARENTING",5,"1","27M","10+","Free","0","Everyone","Parenting","January 19, 2018","Glueboardv.6","4.2 and up"
"My Horse","FAMILY",4.5,"1333338","8.7M","10,000,000+","Free","0","Everyone","Casual","May 23, 2018","1.34.1","2.3.3 and up"
"Chest Simulator for Clash Royale","FAMILY",4.4,"4756","33M","100,000+","Free","0","Everyone","Simulation","July 19, 2018","1.1.9","4.1 and up"
"FP-safe","BUSINESS",NA,"0","2.6M","100+","Free","0","Everyone","Business","May 8, 2018","1.0","4.0.3 and up"
"F-Secure SENSE","TOOLS",4.6,"57","13M","5,000+","Free","0","Everyone","Tools","July 4, 2018","1.0.988","5.0 and up"
"Daddyhunt: Gay Dating","SOCIAL",3.9,"6450","14M","500,000+","Free","0","Mature 17+","Social","January 22, 2018","1.3.5","4.0 and up"
"Hey That's Pretty Good!","TOOLS",4.6,"222","10M","10,000+","Free","0","Everyone","Tools","July 29, 2016","4.2.0","2.3 and up"
"InfantRisk Center HCP","MEDICAL",2.6,"41","14M","1,000+","Paid","$9.99","Everyone","Medical","May 6, 2015","1.3.4","2.3.3 and up"
"24/7 BZ Reis","TRAVEL_AND_LOCAL",3.1,"421","53M","100,000+","Free","0","Everyone","Travel & Local","March 9, 2018","4.4.15","4.1 and up"
"Spot On Period, Birth Control, & Cycle Tracker","HEALTH_AND_FITNESS",4.6,"4102","24M","500,000+","Free","0","Everyone 10+","Health & Fitness","July 19, 2018","2.6.1","4.2 and up"
"Camera FV-5 Lite","PHOTOGRAPHY",4,"130081","5.6M","10,000,000+","Free","0","Everyone","Photography","November 10, 2017","3.31.4","4.0 and up"
"Radial-G : Infinity","GAME",3.6,"517","47M","50,000+","Free","0","Everyone","Arcade","December 7, 2015","1.4","4.1 and up"
"Cool Reader","BOOKS_AND_REFERENCE",4.5,"246315","Varies with device","10,000,000+","Free","0","Everyone","Books & Reference","July 17, 2015","Varies with device","1.5 and up"
"R+F PULSE","BUSINESS",3.4,"58","3.0M","10,000+","Free","0","Everyone","Business","April 21, 2017","1.0","4.4 and up"
"Virtual Mother Surgery Doctor : Emergency Hospital","FAMILY",3.9,"70","61M","10,000+","Free","0","Teen","Educational","May 30, 2018","1.1","4.0 and up"
"OBJECTIVE","VIDEO_PLAYERS",3.8,"19738","33M","1,000,000+","Free","0","Teen","Video Players & Editors","August 7, 2018","9.7.6","4.0 and up"
"Message AI - Write Better Messages (Free)","SOCIAL",3.7,"3","7.9M","100+","Free","0","Everyone","Social","July 4, 2018","1.3.1-lite","5.0 and up"
"BM Interventi","PRODUCTIVITY",NA,"2","22M","10+","Free","0","Everyone","Productivity","May 4, 2018","1.4.0","4.3 and up"
"Al Quran : EAlim - Translations & MP3 Offline","BOOKS_AND_REFERENCE",4.5,"96419","Varies with device","5,000,000+","Free","0","Everyone","Books & Reference","May 5, 2018","Varies with device","Varies with device"
"Racing in Car 2","GAME",4.3,"234110","38M","50,000,000+","Free","0","Everyone","Racing","November 22, 2016","1.0","2.3.3 and up"
"Touch DV","PHOTOGRAPHY",NA,"1","11M","50+","Free","0","Everyone","Photography","July 7, 2017","10.4","4.2 and up"
"Terminal Emulator for Android","TOOLS",4.4,"113951","551k","10,000,000+","Free","0","Everyone","Tools","April 15, 2015","1.0.70","1.6 and up"
"Ramdor DM Mobile","BUSINESS",NA,"1","23M","100+","Free","0","Everyone","Business","June 13, 2018","21 - Rel2.0","3.0 and up"
"USE Credit Union Mobile","FINANCE",4.6,"964","14M","10,000+","Free","0","Everyone","Finance","June 12, 2018","5.9.1.0","5.0 and up"
"–êim Training for CS","GAME",3.6,"2328","12M","100,000+","Free","0","Everyone","Action","October 25, 2014","1.8","2.3 and up"
"Verdad o Reto","SOCIAL",3.8,"826","5.1M","500,000+","Free","0","Teen","Social","May 10, 2018","2.0","4.1 and up"
"DT Simple Interval Timer","SPORTS",4.1,"10","1.5M","1,000+","Free","0","Everyone","Sports","February 17, 2014","1.01","2.1 and up"
"Quadratic Equation Solver with Steps and Graphs","FAMILY",4.7,"513","9.8M","50,000+","Free","0","Everyone","Education","December 14, 2017","1.4.1","4.0 and up"
"Boomerang from Instagram","PHOTOGRAPHY",4.4,"928720","Varies with device","50,000,000+","Free","0","Everyone","Photography","July 16, 2018","Varies with device","Varies with device"
"Bridge Constructor Stunts FREE","FAMILY",4.1,"36151","46M","1,000,000+","Free","0","Everyone","Simulation","April 22, 2017","2.7","3.2 and up"
"Kaspersky Mobile Antivirus: AppLock & Web Security","TOOLS",4.7,"2598579","49M","50,000,000+","Free","0","Everyone","Tools","July 24, 2018","11.17.4.1024","4.1 and up"
"DL Hughley","FAMILY",4.6,"12","10M","1,000+","Free","0","Mature 17+","Entertainment","March 23, 2018","2.0.4","4.1 and up"
"Accounting App - Zoho Books","BUSINESS",4.5,"3079","8.5M","100,000+","Free","0","Everyone","Business","August 2, 2018","5.20.7","4.1 and up"
"Clarksburg AH","MEDICAL",1,"1","28M","50+","Free","0","Everyone","Medical","May 1, 2017","300000.0.81","4.0.3 and up"
"CU of Colorado Mobile Banking","FINANCE",4,"347","25M","10,000+","Free","0","Everyone","Finance","February 6, 2018","4.11.100","4.1 and up"
"211:CK Lite","GAME",4.3,"3","39M","10+","Free","0","Mature 17+","Action","September 22, 2017","1.0","4.1 and up"
"Prestige AH","MEDICAL",4,"2","29M","100+","Free","0","Everyone","Medical","May 11, 2017","300000.0.81","4.0.3 and up"
"Agenda EF","FAMILY",3.4,"79","33M","5,000+","Free","0","Everyone","Education","May 27, 2015","1.03","3.0 and up"
"W Box VMS","VIDEO_PLAYERS",1.9,"105","9.1M","10,000+","Free","0","Everyone","Video Players & Editors","January 9, 2017","4.0.4","2.3.3 and up"
"uCiC- Videos and Photos on demand","SOCIAL",4,"2052","7.0M","100,000+","Free","0","Teen","Social","September 27, 2017","2.16","4.4 and up"
"Learn HTML","EDUCATION",4.7,"61749","5.4M","1,000,000+","Free","0","Everyone","Education","December 25, 2017","5.5.2","4.0 and up"
"Banorte Movil","FINANCE",4.1,"111632","65M","1,000,000+","Free","0","Everyone","Finance","June 9, 2018","5.10.1.40699","4.4 and up"
"The real aquarium - HD","PERSONALIZATION",4.3,"100130","Varies with device","5,000,000+","Free","0","Everyone","Personalization","June 25, 2018","Varies with device","Varies with device"
"My OldBoy! Free - GBC Emulator","GAME",4.2,"51787","Varies with device","5,000,000+","Free","0","Everyone","Arcade","January 12, 2018","Varies with device","Varies with device"
"CB Mobile GA","FINANCE",NA,"1","12M","100+","Free","0","Everyone","Finance","November 21, 2017","1.9.1","4.1 and up"
"Cook'n Recipe App","LIFESTYLE",3.4,"552","22M","10,000+","Free","0","Everyone","Lifestyle","August 2, 2018","3.0.4","4.4 and up"
"Google Earth","TRAVEL_AND_LOCAL",4.3,"2339098","Varies with device","100,000,000+","Free","0","Everyone","Travel & Local","June 18, 2018","9.2.17.13","4.1 and up"
"Zagat","TRAVEL_AND_LOCAL",3.1,"2528","Varies with device","100,000+","Free","0","Everyone","Travel & Local","July 14, 2016","Varies with device","Varies with device"
"Adblock Browser for Android","COMMUNICATION",4.1,"121113","39M","10,000,000+","Free","0","Everyone","Communication","July 11, 2018","1.4.0","4.1 and up"
"Favorite children's songs","PARENTING",4.7,"39","95M","10,000+","Free","0","Everyone","Parenting","July 6, 2018","1.2.5","4.2 and up"
"SegPlay Mobile Paint by Number","FAMILY",3.7,"1478","43M","100,000+","Free","0","Everyone","Casual","April 22, 2017","4.0.15","2.3 and up"
"Zappos ‚Äì Shoe shopping made simple","SHOPPING",4.5,"44588","20M","5,000,000+","Free","0","Everyone","Shopping","July 12, 2018","9.0.0","4.4 and up"
"Ebenezer AH","MEDICAL",4,"4","27M","500+","Free","0","Everyone","Medical","May 5, 2017","300000.0.79","4.0.3 and up"
"DC Comics Amino","SOCIAL",4.9,"117","63M","1,000+","Free","0","Teen","Social","July 13, 2018","1.8.19106","4.0.3 and up"
"Animal Planet GO","ENTERTAINMENT",4.2,"2442","9.6M","100,000+","Free","0","Teen","Entertainment","July 24, 2018","2.9.4","4.1 and up"
"Disaster Will Strike","FAMILY",4.5,"14692","45M","1,000,000+","Free","0","Everyone","Puzzle","July 19, 2018","1.173.126","4.1 and up"
"wetter.com - Weather and Radar","WEATHER",4.2,"189313","38M","10,000,000+","Free","0","Everyone","Weather","August 6, 2018","Varies with device","Varies with device"
"DX Simulation for OOO Dx Belt","FAMILY",4.6,"67","31M","10,000+","Free","0","Everyone","Simulation","August 4, 2018","1.7","4.1 and up"
"Read- Latest News, Information, Gossip and Politics","NEWS_AND_MAGAZINES",4.1,"185058","6.7M","10,000,000+","Free","0","Teen","News & Magazines","August 1, 2018","3.1.6.9","4.1 and up"
"BookBaby - Baby Development","PARENTING",4.6,"1002","5.0M","50,000+","Free","0","Everyone","Parenting","August 18, 2016","3.0","4.0.3 and up"
"Fertilizer Removal By Crop","BOOKS_AND_REFERENCE",4.1,"295","6.9M","50,000+","Free","0","Everyone","Books & Reference","June 20, 2017","2.0.3","4.0.3 and up"
"Rage Fight of Streets - Beat Em Up Game","GAME",4.3,"1489","67M","100,000+","Free","0","Teen","Action","May 13, 2018","Varies with device","4.1 and up"
"Carrier Landings Pro","FAMILY",4.6,"5969","31M","10,000+","Paid","$12.99","Everyone","Simulation","June 29, 2018","4.2.4","4.1 and up"
"most expensive app (H)","FAMILY",4.3,"6","1.5M","100+","Paid","$399.99","Everyone","Entertainment","July 16, 2018","1.0","7.0 and up"
"Krazy Coupon Lady","SHOPPING",4.7,"10318","32M","1,000,000+","Free","0","Everyone","Shopping","June 19, 2018","2.1.8","4.4 and up"
"Theme for Galaxy Note FE Launcher | Live Wallpaper","PERSONALIZATION",NA,"2","26M","100+","Free","0","Everyone","Personalization","December 22, 2017","1.0","4.0 and up"
"V for Voodoo","GAME",4.2,"16876","59M","1,000,000+","Free","0","Teen","Trivia","June 28, 2018","3.0.1","6.0 and up"
"2-Player Co-op Zombie Shoot","GAME",4.2,"33","13M","1,000+","Free","0","Teen","Action","July 1, 2018","1.0.13","2.3 and up"
"Speech Therapy: K","FAMILY",NA,"2","15M","1,000+","Free","0","Everyone","Education","October 7, 2016","1.0","2.3.3 and up"
"Keeper: Free Password Manager & Secure Vault","PRODUCTIVITY",4.2,"74146","32M","10,000,000+","Free","0","Everyone","Productivity","July 16, 2018","12.1.0","4.4 and up"
"Breweries (CZ/SK)","LIFESTYLE",4.4,"1740","4.4M","50,000+","Free","0","Teen","Lifestyle","July 27, 2017","3.1.0","4.1 and up"
"Kids Balloon Pop Game Free üéà","FAMILY",4.1,"38021","19M","10,000,000+","Free","0","Everyone","Casual;Music & Video","July 6, 2018","18.2","4.0.3 and up"
"Chinese Chess ( Xiangqi Free )","GAME",4.6,"963","4.1M","50,000+","Free","0","Everyone","Board","April 18, 2017","1.1.1","2.3 and up"
"Run with Map My Run","HEALTH_AND_FITNESS",4.5,"183669","57M","5,000,000+","Free","0","Everyone","Health & Fitness","July 27, 2018","18.7.1","5.0 and up"
"Dating App, Flirt & Chat : W-Match","SOCIAL",4.3,"175722","Varies with device","10,000,000+","Free","0","Mature 17+","Social","July 23, 2018","Varies with device","Varies with device"
"Sad hair without net","LIBRARIES_AND_DEMO",NA,"20","2.1M","5,000+","Free","0","Everyone","Libraries & Demo","March 26, 2018","1.0","2.3 and up"
"Phone Tracker : Family Locator","SOCIAL",4.3,"231325","5.4M","10,000,000+","Free","0","Everyone","Social","August 2, 2018","4.81","4.0 and up"
"Spine- The dating app","DATING",5,"5","9.3M","500+","Free","0","Teen","Dating","July 14, 2018","4.0","4.0.3 and up"
"BW App","LIFESTYLE",2.8,"48","12M","5,000+","Free","0","Everyone","Lifestyle","September 27, 2017","2.8.216.6-ba","4.0 and up"
"EI!","PRODUCTIVITY",NA,"0","7.7M","10+","Free","0","Everyone","Productivity","July 19, 2018","1.1.14","4.1 and up"
"Go Go Coupons - Free Coupon and Discount","SHOPPING",3,"4","1.2M","1,000+","Free","0","Everyone","Shopping","July 1, 2018","10.0","4.0 and up"
"DM ◊î◊§◊ß◊ï◊™","PHOTOGRAPHY",NA,"2","10M","100+","Free","0","Everyone","Photography","October 14, 2017","30.0","3.2 and up"
"30 Day AB Challenge - Lumowell","HEALTH_AND_FITNESS",4.8,"793","40M","10,000+","Free","0","Everyone","Health & Fitness","September 15, 2016","1.0.3","4.0.3 and up"
"Guns'n'Glory Heroes Premium","FAMILY",4.3,"923","Varies with device","10,000+","Paid","$2.99","Everyone","Strategy","November 9, 2017","Varies with device","Varies with device"
"Insta Square Profile DP","PHOTOGRAPHY",3.7,"42","11M","5,000+","Free","0","Everyone","Photography","September 1, 2015","1.0","4.0 and up"
"BN M√°s Cerca de Usted","FINANCE",3.9,"8185","45M","500,000+","Free","0","Everyone","Finance","July 6, 2018","5.1","4.4 and up"
"No.Diamond ‚Äì Colors by Number","FAMILY",4.6,"9016","24M","1,000,000+","Free","0","Everyone","Entertainment;Creativity","August 6, 2018","0.9.34","4.1 and up"
"HuffPost - News","NEWS_AND_MAGAZINES",4.2,"78154","12M","1,000,000+","Free","0","Everyone 10+","News & Magazines","August 3, 2018","19.2.8","4.4 and up"
"Square InPic - Photo Editor & Collage Maker","PHOTOGRAPHY",4.4,"635846","14M","50,000,000+","Free","0","Everyone","Photography","May 23, 2018","4.2.14","4.0 and up"
"FN","BUSINESS",5,"14","3.3M","50+","Free","0","Everyone","Business","February 1, 2018","1.0","4.0 and up"
"BT Position Sender - Bluetooth Position Sender","TOOLS",NA,"0","2.9M","10+","Free","0","Everyone","Tools","July 3, 2018","1.2.0","4.4 and up"
"Critical Care Paramedic Review","MEDICAL",4.4,"17","1.8M","1,000+","Paid","$9.99","Everyone 10+","Medical","May 14, 2018","2.0.5","4.4W and up"
"Runkeeper - GPS Track Run Walk","HEALTH_AND_FITNESS",4.5,"501144","Varies with device","10,000,000+","Free","0","Everyone","Health & Fitness","July 16, 2018","Varies with device","Varies with device"
"MD PAWS AH","MEDICAL",NA,"0","29M","100+","Free","0","Everyone","Medical","February 23, 2018","300000.0.98","4.0.3 and up"
"MOTOBAZAR EU","LIFESTYLE",NA,"1","2.0M","100+","Free","0","Everyone","Lifestyle","May 6, 2018","1.2.36","4.0.3 and up"
"BL 1-Click Camera","PHOTOGRAPHY",NA,"4","1.4M","100+","Paid","$3.99","Everyone","Photography","August 18, 2016","2.0.160818","2.3 and up"
"Wi-Fi Visualizer","TOOLS",3.9,"132","2.6M","50,000+","Free","0","Everyone","Tools","May 17, 2017","0.0.9","2.3 and up"
"Bomb and Nade Timer for CS:GO","PRODUCTIVITY",2.6,"85","6.0M","5,000+","Free","0","Everyone","Productivity","April 21, 2016","1.1.2","4.0 and up"
"Uber","MAPS_AND_NAVIGATION",4.2,"4928420","Varies with device","100,000,000+","Free","0","Everyone","Maps & Navigation","August 6, 2018","Varies with device","Varies with device"
"U LIVE ‚Äì Video Chat & Stream","SOCIAL",4.5,"67611","21M","1,000,000+","Free","0","Mature 17+","Social","April 23, 2018","263.16.29","4.0.3 and up"
"Caf - My Account","LIFESTYLE",3.9,"18961","1.8M","5,000,000+","Free","0","Everyone","Lifestyle","September 24, 2015","1.1.1","2.3 and up"
"E-Book Read - Read Book for free","BOOKS_AND_REFERENCE",4.5,"1857","4.9M","50,000+","Free","0","Everyone","Books & Reference","August 3, 2018","1.3.2","4.4 and up"
"CP Clicker","LIFESTYLE",4.2,"251","5.0M","10,000+","Free","0","Everyone","Lifestyle","March 22, 2018","3.3.003","4.1 and up"
"Walmart MoneyCard","FINANCE",4.2,"6148","10M","1,000,000+","Free","0","Everyone","Finance","June 1, 2018","1.14.1","4.1 and up"
"OS-X EMUI 4/5/8 THEME","PERSONALIZATION",3.9,"916","36M","100,000+","Free","0","Everyone","Personalization","February 5, 2018","5","4.4 and up"
"Bacterial vaginosis Treatment - Sexual disease","HEALTH_AND_FITNESS",5,"2","5.9M","500+","Free","0","Everyone","Health & Fitness","June 25, 2018","2.0","4.0.3 and up"
"Florida Offline Road Map","TRAVEL_AND_LOCAL",3.8,"144","8.7M","10,000+","Free","0","Everyone","Travel & Local","October 2, 2014","5.0","2.3.3 and up"
"Shoot Strike War Fire","GAME",4.1,"82827","20M","10,000,000+","Free","0","Teen","Arcade","July 13, 2018","1.1.5","4.0 and up"
"Extreme- Personal Voice Assistant","PRODUCTIVITY",4.4,"25627","9.8M","1,000,000+","Free","0","Everyone","Productivity","August 5, 2018","132","5.0 and up"
"Might & Magic: Elemental Guardians","GAME",4.3,"32551","35M","500,000+","Free","0","Mature 17+","Role Playing","July 12, 2018","1.93","4.4 and up"
"Cy-Ranch","NEWS_AND_MAGAZINES",4.5,"27","7.1M","500+","Free","0","Everyone","News & Magazines","May 6, 2018","7.5.0","4.1 and up"
"6 Pack Promise - Ultimate Abs","HEALTH_AND_FITNESS",4.6,"18921","Varies with device","1,000,000+","Free","0","Everyone","Health & Fitness","August 4, 2018","Varies with device","Varies with device"
"AP Physics 1 Prep: Practice Tests and Flashcards","FAMILY",4.4,"29","5.3M","5,000+","Free","0","Everyone","Education","July 3, 2018","1.6.7.1","4.1 and up"
"Fun Kid Racing","FAMILY",4,"79667","Varies with device","10,000,000+","Free","0","Everyone","Racing;Action & Adventure","August 3, 2018","3.52","4.2 and up"
"Jaylex","MEDICAL",NA,"0","13M","10+","Free","0","Everyone","Medical","July 30, 2018","1.2.3-DEBUG","4.2 and up"
"BK Suraj bhai","LIFESTYLE",4.6,"9","3.1M","1,000+","Free","0","Everyone","Lifestyle","December 8, 2017","2.2","4.1 and up"
"Simple Photo BG Changer","TOOLS",NA,"1","5.1M","10+","Free","0","Everyone","Tools","June 8, 2018","1.0","2.3 and up"
"ClassDojo","EDUCATION",4.4,"148550","59M","10,000,000+","Free","0","Everyone","Education;Education","August 3, 2018","4.21.1","4.1 and up"
"Microsoft Edge","COMMUNICATION",4.3,"27187","66M","5,000,000+","Free","0","Everyone","Communication","July 28, 2018","42.0.0.2059","4.4 and up"
"OLX Uganda Sell Buy Cellphones","SHOPPING",4.2,"4977","9.8M","100,000+","Free","0","Everyone","Shopping","July 25, 2018","11.15.03","4.1 and up"
"efootwear.eu - online store","SHOPPING",4.5,"928","8.6M","100,000+","Free","0","Everyone","Shopping","August 2, 2018","1.7.0","4.4 and up"
"Yaoi Ooku: Distorted Love","FAMILY",4,"2614","6.3M","100,000+","Free","0","Mature 17+","Simulation","April 14, 2015","1.0.8","2.2 and up"
"Business Dictionary","BUSINESS",4.2,"5988","Varies with device","500,000+","Free","0","Everyone","Business","May 16, 2016","Varies with device","Varies with device"
"Five nights at Minecraft","FAMILY",3.5,"9335","12M","1,000,000+","Free","0","Everyone","Entertainment","November 26, 2017","1.2","4.0.3 and up"
"FK Radnicki Nis","SPORTS",NA,"1","26M","50+","Free","0","Everyone","Sports","February 19, 2018","1.0","4.1 and up"
"Range Master: Sniper Academy","SPORTS",4.1,"91935","39M","10,000,000+","Free","0","Everyone","Sports","April 26, 2018","2.1.3","4.1 and up"
"CG Wizard","TOOLS",NA,"6","1.3M","100+","Free","0","Everyone","Tools","May 22, 2018","1.6d","5.0 and up"
"BL Banking DES","FINANCE",NA,"3","5.5M","100+","Free","0","Everyone","Finance","July 18, 2018","2.3","4.0 and up"
"The Messenger App","SOCIAL",4.4,"4919","2.8M","1,000,000+","Free","0","Everyone","Social","August 3, 2018","0.1.1","4.1 and up"
"Urban Outfitters","SHOPPING",4.2,"4158","23M","500,000+","Free","0","Teen","Shopping","July 2, 2018","2.8","4.0.3 and up"
"CR-V Service Manual","AUTO_AND_VEHICLES",4.2,"12","88M","500+","Free","0","Everyone","Auto & Vehicles","February 19, 2018","1.2","4.1 and up"
"Z-Empire: Dead Strike","FAMILY",4.6,"99","19M","10,000+","Free","0","Teen","Strategy","June 8, 2018","1.8.7","4.0.3 and up"
"Subway Surfers","GAME",4.5,"27725352","76M","1,000,000,000+","Free","0","Everyone 10+","Arcade","July 12, 2018","1.90.0","4.1 and up"
"Resume Maker / CV creator & Templates","TOOLS",4.2,"54","22M","5,000+","Free","0","Everyone","Tools","April 15, 2018","1.0.6","4.0.3 and up"
"MileIQ - Free Mileage Tracker for Business","FINANCE",4.5,"46106","22M","1,000,000+","Free","0","Everyone","Finance","July 31, 2018","1.28.0.5402","4.4 and up"
"EC Apps List","TOOLS",4.5,"2","1.6M","100+","Free","0","Everyone","Tools","February 12, 2015","1.3","4.0 and up"
"Bounce Classic","GAME",4.5,"38297","6.4M","10,000,000+","Free","0","Everyone","Arcade","July 5, 2018","1.0.8","4.0.3 and up"
"Survival Mobile:10,000 BC","FAMILY",4.3,"7441","52M","500,000+","Free","0","Everyone 10+","Strategy","August 2, 2018","0.1.801","2.3 and up"
"ES File Explorer File Manager","PRODUCTIVITY",4.6,"5383971","16M","100,000,000+","Free","0","Everyone","Productivity","August 3, 2018","4.1.8.2.2","4.0 and up"
"Z Camera","PHOTOGRAPHY",3.8,"142","7.7M","10,000+","Free","0","Everyone","Photography","April 8, 2016","1.8","4.0 and up"
"Surah Al-Waqiah","BOOKS_AND_REFERENCE",4.7,"1201","2.9M","100,000+","Free","0","Everyone","Books & Reference","June 24, 2015","1.0","2.3.3 and up"
"Shadow Fight 2","GAME",4.6,"10979062","88M","100,000,000+","Free","0","Everyone 10+","Action","July 2, 2018","1.9.38","3.0 and up"
"Au Weather Free","WEATHER",4,"1185","5.0M","100,000+","Free","0","Everyone","Weather","June 18, 2018","2.47.2","2.3 and up"
"Learn English with Aco","EDUCATION",4.6,"75112","6.5M","1,000,000+","Free","0","Everyone","Education","November 11, 2017","2.09","4.1 and up"
"FIFA - Tournaments, Soccer News & Live Scores","SPORTS",4.2,"342909","6.0M","10,000,000+","Free","0","Everyone","Sports","August 3, 2018","4.3.1","4.4 and up"
"AnatomyMapp","MEDICAL",4.1,"80","48M","5,000+","Paid","$14.99","Everyone","Medical","November 5, 2013","1.0","3.0 and up"
"FanDuel: Daily Fantasy Sports","SPORTS",4.6,"29673","57M","1,000,000+","Free","0","Mature 17+","Sports","August 6, 2018","2.46.1","5.0 and up"
"Adivina el cantante de Trap y Reggaeton","GAME",4.5,"1914","24M","100,000+","Free","0","Everyone","Trivia","June 29, 2018","3.6.7z","4.0.3 and up"
"The X-Files: Deep State - Hidden Object Adventure","FAMILY",4.5,"22018","53M","500,000+","Free","0","Teen","Casual","July 18, 2018","2.6.1","5.0 and up"
"Guide to Nikon Df","PHOTOGRAPHY",NA,"1","663k","10+","Paid","$29.99","Everyone","Photography","February 18, 2014","2.0.0","4.0.3 and up"
"Lie Detector Prank","FAMILY",3.9,"80313","3.7M","10,000,000+","Free","0","Everyone","Casual","November 22, 2017","1.7","2.3 and up"
"Rock N' Cash Casino Slots -Free Vegas Slot Games","GAME",4.7,"6187","33M","100,000+","Free","0","Teen","Casino","July 27, 2018","1.15.0","4.0.3 and up"
"Adult Dirty Emojis","DATING",2.8,"80","5.5M","10,000+","Free","0","Teen","Dating","November 6, 2017","1.0","4.0.3 and up"
"Learn the letters and words","PARENTING",NA,"31","85M","10,000+","Free","0","Everyone","Parenting;Education","June 15, 2018","3.2","4.0.3 and up"
"CQ-Alert","COMMUNICATION",NA,"3","8.1M","500+","Free","0","Everyone","Communication","November 28, 2016","5.5.0","4.0 and up"
"Favorite Soviet cartoons","PARENTING",NA,"63","4.9M","10,000+","Free","0","Everyone","Parenting","May 24, 2018","1.0.6","4.0 and up"
"BS-Mobile","COMMUNICATION",5,"1","683k","50+","Free","0","Everyone","Communication","September 3, 2015","0.1","2.3 and up"
"DV Web Design Tips","PRODUCTIVITY",NA,"1","5.1M","10+","Free","0","Teen","Productivity","October 26, 2017","1.0.0","4.1 and up"
"Tunisian Dinar: Exchange rate","FINANCE",4.5,"625","3.8M","10,000+","Free","0","Everyone","Finance","March 30, 2018","2.10","4.0 and up"
"A41 WatchFace for Android Wear Smart Watch","LIFESTYLE",4.5,"231","5.7M","5,000+","Paid","$0.99","Everyone","Lifestyle","December 24, 2017","7.0.1","4.3 and up"
"Z Ringtones PREMIUM 2018","PERSONALIZATION",4.5,"10158","3.6M","500,000+","Free","0","Everyone","Personalization","March 1, 2018","1.5","4.0.3 and up"
"Monastery of El Escorial","TRAVEL_AND_LOCAL",NA,"12","50M","1,000+","Paid","$1.99","Everyone","Travel & Local","May 30, 2016","1.0","4.0 and up"
"van Gennip Textiles BV","LIFESTYLE",NA,"1","4.0M","100+","Free","0","Everyone","Lifestyle","June 28, 2018","1.1.5","4.1 and up"
"CU: UPI Payments, Chat & Call","FINANCE",4.3,"693","32M","100,000+","Free","0","Teen","Finance","May 3, 2018","1.0.95","4.2 and up"
"BM Online OEC Verification","TOOLS",4.1,"783","4.2M","100,000+","Free","0","Everyone","Tools","August 5, 2016","1.0.1","4.0.3 and up"
"Edmodo","FAMILY",4.1,"200214","18M","10,000,000+","Free","0","Everyone","Education","August 6, 2018","9.12.6","4.0.3 and up"
"Allegiant","TRAVEL_AND_LOCAL",3.1,"5572","21M","1,000,000+","Free","0","Everyone","Travel & Local","July 12, 2018","5.16.1","4.4 and up"
"PJ Masks: Moonlight Heroes","FAMILY",4.4,"86961","99M","10,000,000+","Free","0","Everyone","Casual;Action & Adventure","June 5, 2018","2.0.1","4.0.3 and up"
"EJ.by","NEWS_AND_MAGAZINES",NA,"10","2.3M","500+","Free","0","Everyone","News & Magazines","October 27, 2015","1.2","4.0.3 and up"
"I am rich (Most expensive app)","FINANCE",4.1,"129","2.7M","1,000+","Paid","$399.99","Teen","Finance","December 6, 2017","2","4.0.3 and up"
"Equestria Girl Snapchat Addict","FAMILY",NA,"20","31M","1,000+","Free","0","Everyone","Educational","April 19, 2018","1.0.0","4.0 and up"
"ROBLOX","FAMILY",4.5,"4449910","67M","100,000,000+","Free","0","Everyone 10+","Adventure;Action & Adventure","July 31, 2018","2.347.225742","4.1 and up"
"go41cx","FAMILY",4.8,"171","1.0M","1,000+","Paid","$10.00","Everyone","Education","October 18, 2016","1.7.0","2.2 and up"
"Curio Quest","FAMILY",4.3,"59152","50M","1,000,000+","Free","0","Everyone 10+","Role Playing","March 29, 2018","1.14.00","4.0.3 and up"
"EX File Explorer File Manage Pro","PRODUCTIVITY",NA,"1","6.3M","50+","Paid","$1.99","Everyone","Productivity","August 6, 2017","1.0","4.0 and up"
"Ay Sabz Gunbad Waly","VIDEO_PLAYERS",NA,"4","3.9M","1,000+","Free","0","Everyone","Video Players & Editors","September 11, 2017","1.1","4.0 and up"
"OMEGA Black UI Theme - CM 12+","PERSONALIZATION",4.2,"12","19M","100+","Paid","$0.99","Everyone","Personalization","August 20, 2015","1.0","5.0 and up"
"Geometry Dash World","GAME",4.6,"759838","63M","10,000,000+","Free","0","Everyone","Arcade","December 22, 2017","1.03","4.0 and up"
"Credit Karma","FINANCE",4.7,"706301","Varies with device","10,000,000+","Free","0","Everyone","Finance","July 31, 2018","Varies with device","Varies with device"
"Flag Of European Union LWP","PERSONALIZATION",4.3,"88","4.2M","1,000+","Free","0","Everyone","Personalization","January 24, 2018","7.0","4.0.3 and up"
"CBS Sports App - Scores, News, Stats & Watch Live","SPORTS",4.3,"91031","Varies with device","5,000,000+","Free","0","Everyone","Sports","August 4, 2018","Varies with device","5.0 and up"
"Bi-Tank","GAME",4.6,"12","18M","50+","Free","0","Everyone","Arcade","July 31, 2017","Varies with device","4.1 and up"
"HDFC Bank MobileBanking","FINANCE",4.2,"208463","Varies with device","10,000,000+","Free","0","Everyone","Finance","July 26, 2018","Varies with device","Varies with device"
"WiFi Action Camera","SPORTS",2.4,"551","903k","100,000+","Free","0","Everyone","Sports","March 13, 2014","1.4","4.0 and up"
"ASUS Cover for ZenFone 2","PERSONALIZATION",4.4,"43960","9.8M","10,000,000+","Free","0","Everyone","Personalization","December 1, 2017","2.0.0.39_171124","5.0 and up"
"DF Tracker","BUSINESS",NA,"2","6.0M","100+","Free","0","Everyone","Business","September 27, 2017","1.0","4.0.3 and up"
"Photo Frames","PHOTOGRAPHY",4.3,"28578","23M","10,000,000+","Free","0","Everyone","Photography","July 28, 2018","6.21","4.0 and up"
"MyQuest for Patients","MEDICAL",4,"3803","16M","100,000+","Free","0","Everyone","Medical","March 13, 2018","2.17","4.0 and up"
"AQ wisdom +","TOOLS",NA,"0","35M","100+","Free","0","Everyone","Tools","March 15, 2018","1.0.0","4.0.3 and up"
"Photo Editor Selfie Camera Filter & Mirror Image","PHOTOGRAPHY",4.3,"527247","Varies with device","50,000,000+","Free","0","Everyone","Photography","February 1, 2018","1.6.1","Varies with device"
"Earn to Die 2","GAME",4.6,"1327265","99M","50,000,000+","Free","0","Teen","Racing","April 12, 2017","1.3","2.3.3 and up"
"QuickShortcutMaker","PERSONALIZATION",4.6,"41000","2.0M","1,000,000+","Free","0","Everyone","Personalization","February 23, 2014","2.4.0","1.6 and up"
"Bc Vod","VIDEO_PLAYERS",NA,"1","62M","100+","Free","0","Everyone","Video Players & Editors","April 17, 2018","1.2","4.2 and up"
"Nike+ Run Club","HEALTH_AND_FITNESS",4.4,"708710","Varies with device","10,000,000+","Free","0","Everyone","Health & Fitness","July 12, 2018","2.17.0","4.4 and up"
"Checkout 51: Grocery coupons","SHOPPING",4.1,"52896","Varies with device","10,000,000+","Free","0","Everyone","Shopping","June 18, 2018","Varies with device","Varies with device"
"Co Checker","TOOLS",1.9,"12","2.0M","1,000+","Free","0","Everyone","Tools","October 20, 2017","1.8.6","4.3 and up"
"Phoenix - Facebook & Messenger","SOCIAL",4.3,"9606","3.4M","100,000+","Free","0","Teen","Social","July 18, 2018","2.2.0717","5.0 and up"
"Standard Bank / Stanbic Bank","FINANCE",3.6,"15247","28M","1,000,000+","Free","0","Everyone","Finance","July 13, 2018","3.0.5","4.0.3 and up"
"VAT check CY","BUSINESS",NA,"0","642k","100+","Free","0","Everyone","Business","May 18, 2013","1.0.16","1.6 and up"
"Virtual Dice EX","GAME",4.3,"40","3.6M","5,000+","Free","0","Everyone","Board","March 15, 2016","2.8","3.0 and up"
"Dp for Facebook","SOCIAL",4.1,"56","10M","5,000+","Free","0","Everyone","Social","May 16, 2017","1.0","4.0.3 and up"
"Google Assistant Go","TOOLS",3.7,"315","4.6M","500,000+","Free","0","Everyone","Tools","July 27, 2018","1.8.203182757.armeabi-v7a.release","8.0 and up"
"BW-Joseki","GAME",4.7,"705","1.8M","10,000+","Free","0","Everyone","Board","July 28, 2015","1.2.1","4.0.3 and up"
"EZ Thanks","BUSINESS",3.2,"116","Varies with device","10,000+","Free","0","Everyone","Business","June 13, 2018","Varies with device","Varies with device"
"EZ Display","PRODUCTIVITY",2.9,"280","10.0M","50,000+","Free","0","Everyone","Productivity","November 14, 2014","1.0.0.457","4.0 and up"
"Latest Emmanuella Comedy Video","PARENTING",4.6,"60","4.9M","10,000+","Free","0","Everyone","Parenting","April 1, 2018","Natalia Studio Development","4.0.3 and up"
"ShopSavvy Barcode & QR Scanner","SHOPPING",4.1,"110425","27M","10,000,000+","Free","0","Everyone","Shopping","June 18, 2018","13.6.4","4.0.3 and up"
"slither.io","GAME",4.4,"5234810","Varies with device","100,000,000+","Free","0","Everyone","Action","November 14, 2017","Varies with device","2.3 and up"
"Sun Rise Free Live Wallpaper","PERSONALIZATION",4.3,"86481","8.6M","10,000,000+","Free","0","Everyone","Personalization","January 31, 2018","4.8.3","4.0 and up"
"PES 2018 PRO EVOLUTION SOCCER","SPORTS",4.4,"1721943","26M","10,000,000+","Free","0","Everyone","Sports","June 27, 2018","2.3.2","5.0 and up"
"2019 Tricks Es File Explores","TOOLS",3,"4","2.0M","1,000+","Free","0","Everyone","Tools","March 16, 2016","1.0","2.2 and up"
"SofaScore Live Score","SPORTS",4.8,"221722","Varies with device","10,000,000+","Free","0","Everyone","Sports","July 26, 2018","Varies with device","Varies with device"
"Stocard - Rewards Cards Wallet","SHOPPING",4.6,"284721","20M","10,000,000+","Free","0","Everyone","Shopping","July 31, 2018","7.2.1","4.1 and up"
"Free Dating App & Flirt Chat - Match with Singles","DATING",4.4,"172460","3.1M","5,000,000+","Free","0","Mature 17+","Dating","August 4, 2018","1.639","4.0 and up"
"Drink-O-Tron The Drinking Game","GAME",4.1,"140","45M","50,000+","Free","0","Mature 17+","Card","May 31, 2017","1.64","4.0.3 and up"
"DX Simulation for X-aid Dx Belt","FAMILY",4,"35","48M","5,000+","Free","0","Everyone","Simulation","August 4, 2018","1.6","4.1 and up"
"YouTube Studio","VIDEO_PLAYERS",4.3,"436921","Varies with device","10,000,000+","Free","0","Teen","Video Players & Editors","June 28, 2018","Varies with device","Varies with device"
"MyPlate Calorie Tracker","HEALTH_AND_FITNESS",4.6,"24094","18M","1,000,000+","Free","0","Everyone","Health & Fitness","July 9, 2018","3.3.0(1)","4.1 and up"
"Air Transat CinePlus B","TRAVEL_AND_LOCAL",2.2,"83","6.7M","50,000+","Free","0","Everyone","Travel & Local","July 5, 2018","1.0.17.3905","4.4 and up"
"Mu Mobile BR","BUSINESS",4.5,"43","92M","100+","Free","0","Everyone","Business","July 20, 2018","3.0.0 By Luccas","2.3 and up"
"F-1 watchface by Delta","PERSONALIZATION",NA,"0","Varies with device","10+","Paid","$2.49","Everyone","Personalization","August 23, 2017","Varies with device","Varies with device"
"CG Sanyukt Bharti Pariksha 2018","FAMILY",4.3,"14","4.3M","1,000+","Free","0","Teen","Education","January 10, 2018","7.4","2.3 and up"
"My CG","PRODUCTIVITY",NA,"0","Varies with device","10+","Free","0","Teen","Productivity","August 2, 2018","Varies with device","Varies with device"
"Alphabet A-Z","FAMILY",3.9,"306","Varies with device","100,000+","Free","0","Everyone","Casual","April 17, 2014","Varies with device","Varies with device"
"R Studio","SHOPPING",3.7,"23","8.9M","5,000+","Free","0","Everyone","Shopping","July 8, 2016","2.1.1","4.0.3 and up"
"PewDiePie's Tuber Simulator","FAMILY",4.8,"1499466","96M","10,000,000+","Free","0","Teen","Casual","July 24, 2018","1.25.0","4.1 and up"
"Calculator - free calculator, multi calculator app","TOOLS",4.6,"25592","7.5M","10,000,000+","Free","0","Everyone","Tools","July 31, 2018","v8.0.1.8.0629.1","4.2 and up"
"BG LINKED (BGLINKED)","SOCIAL",4.7,"22","11M","1,000+","Free","0","Everyone","Social","January 19, 2018","v2.0.02_prod","4.1 and up"
"EO Global","BUSINESS",2.6,"13","8.9M","1,000+","Free","0","Everyone","Business","October 20, 2016","3.2","4.1 and up"
"Apartments.com Rental Search","HOUSE_AND_HOME",4.3,"22584","16M","1,000,000+","Free","0","Everyone","House & Home","July 16, 2018","4.7.13","4.4 and up"
"Madagascar Surf n' Slides Free","FAMILY",3.8,"48929","45M","5,000,000+","Free","0","Everyone","Educational;Education","September 8, 2017","1.5.0","4.0 and up"
"School of Dragons","FAMILY",4.1,"530792","Varies with device","10,000,000+","Free","0","Everyone","Role Playing;Action & Adventure","May 30, 2018","Varies with device","Varies with device"
"R-TYPE II","GAME",4.3,"5682","37M","50,000+","Paid","$1.99","Everyone","Arcade","March 2, 2017","1.1.5","2.3.3 and up"
"Lose It! - Calorie Counter","HEALTH_AND_FITNESS",4.4,"69395","Varies with device","10,000,000+","Free","0","Everyone","Health & Fitness","August 3, 2018","Varies with device","Varies with device"
"Abs workout 7 minutes","HEALTH_AND_FITNESS",4.6,"37224","Varies with device","1,000,000+","Free","0","Everyone","Health & Fitness","June 13, 2018","Varies with device","Varies with device"
"eCooltra: scooter sharing. Share electric scooters","TRAVEL_AND_LOCAL",4.2,"2822","27M","100,000+","Free","0","Everyone","Travel & Local","July 27, 2018","1.21.2","4.1 and up"
"CX Monthly Tech News","VIDEO_PLAYERS",NA,"2","6.9M","500+","Free","0","Everyone","Video Players & Editors","June 9, 2016","6.1.0","4.0 and up"
"Passenger rights","TRAVEL_AND_LOCAL",3.9,"442","2.5M","50,000+","Free","0","Everyone","Travel & Local","January 16, 2018","1.1.3","4.0.3 and up"
"Apps Ads Detector","TOOLS",3.5,"315","8.3M","100,000+","Free","0","Everyone","Tools","February 19, 2018","25","4.0.3 and up"
"Burger King Foot Lettuce","FAMILY",4.4,"150","5.9M","10,000+","Free","0","Everyone","Entertainment","June 11, 2018","1.07","4.0 and up"
"Woodland AH","MEDICAL",NA,"0","Varies with device","50+","Free","0","Everyone","Medical","February 2, 2018","300000.0.97","4.0.3 and up"
"Citizens Bank Mobile Banking","FINANCE",4.1,"15192","38M","1,000,000+","Free","0","Everyone","Finance","May 23, 2018","4.2.1","4.1 and up"
"Path","SOCIAL",4.4,"1520959","Varies with device","10,000,000+","Free","0","Teen","Social","May 9, 2018","Varies with device","Varies with device"
"AK 47 Live Wallpaper","PERSONALIZATION",4.1,"585","4.4M","50,000+","Free","0","Everyone","Personalization","June 20, 2018","1.3","4.1 and up"
"B612 - Beauty & Filter Camera","PHOTOGRAPHY",4.4,"5276983","Varies with device","100,000,000+","Free","0","Everyone","Photography","July 30, 2018","7.6.5","4.3 and up"
"TAXLANDIA","FAMILY",1.9,"141","65M","1,000+","Free","0","Everyone","Educational","March 6, 2018","1.8.2","4.3 and up"
"NYTimes - Latest News","NEWS_AND_MAGAZINES",3.9,"63640","23M","10,000,000+","Free","0","Everyone 10+","News & Magazines","August 1, 2018","6.19.5","4.4 and up"
"XOS - Launcher,Theme,Wallpaper","PERSONALIZATION",4.6,"49657","8.7M","5,000,000+","Free","0","Everyone","Personalization","August 6, 2018","3.6.21_pre","4.4 and up"
"Color Touch Effects","PHOTOGRAPHY",3.8,"167652","12M","10,000,000+","Free","0","Everyone","Photography","April 23, 2018","4.5","4.1 and up"
"DF-CAM","TOOLS",NA,"2","20M","100+","Free","0","Everyone","Tools","May 16, 2018","2.0.1","4.3 and up"
"Miami Crime Vice Town","GAME",4.1,"154519","99M","10,000,000+","Free","0","Mature 17+","Action","May 9, 2017","1.4","2.3 and up"
"Knife Hit","GAME",4.5,"461137","60M","10,000,000+","Free","0","Everyone","Arcade","May 22, 2018","1.7.2","4.0.3 and up"
"Pistolet FN 1906 expliqu√©","BOOKS_AND_REFERENCE",NA,"0","5.2M","10+","Paid","$5.49","Everyone","Books & Reference","August 17, 2014","Android 2.0 - 2014","1.6 and up"
"CV Samples 2018","BUSINESS",4.3,"34","26M","10,000+","Free","0","Everyone","Business","October 10, 2017","1.0","4.0.3 and up"
"Dr.Dice - Sic bo analyzer","FAMILY",NA,"2","8.5M","10+","Paid","$46.99","Everyone","Entertainment","November 5, 2016","1.0","4.0.3 and up"
"Helix Jump","GAME",4.2,"1499373","33M","100,000,000+","Free","0","Everyone","Action","April 9, 2018","1.0.6","4.1 and up"
"French Chat Room","DATING",4.2,"24","4.9M","1,000+","Free","0","Mature 17+","Dating","July 11, 2018","1.0","4.0.3 and up"
"GoBank","FINANCE",4.4,"5950","12M","500,000+","Free","0","Everyone","Finance","June 1, 2018","2.131","4.1 and up"
"Hitman Sniper","GAME",4.6,"408292","29M","10,000,000+","Paid","$0.99","Mature 17+","Action","July 12, 2018","1.7.110758","4.1 and up"
"Tank Stars","GAME",4.3,"174755","98M","10,000,000+","Free","0","Everyone 10+","Arcade","July 11, 2018","1.1.1","5.0 and up"
"TravelPirates","TRAVEL_AND_LOCAL",4.8,"43054","Varies with device","1,000,000+","Free","0","Everyone","Travel & Local","August 6, 2018","Varies with device","Varies with device"
"Princess Adventures Puzzles","FAMILY",4.4,"382","44M","500,000+","Free","0","Everyone","Education;Creativity","August 1, 2018","1.1.0","2.3 and up"
"Kohl's: Scan, Shop, Pay & Save","SHOPPING",4.5,"79261","57M","5,000,000+","Free","0","Everyone","Shopping","August 3, 2018","7.36","4.4 and up"
"Zombie Tsunami","GAME",4.4,"4921451","Varies with device","100,000,000+","Free","0","Everyone 10+","Arcade","June 15, 2018","Varies with device","Varies with device"
"AF Comics Reader - Free","COMICS",2.8,"5","4.1M","100+","Free","0","Everyone","Comics","November 10, 2017","1.0","4.1 and up"
"CZ-27 pistol explained","BOOKS_AND_REFERENCE",NA,"1","11M","10+","Paid","$5.99","Everyone","Books & Reference","September 2, 2015","Android 3.0 - 2015","1.6 and up"
"OfficeSuite : Free Office + PDF Editor","BUSINESS",4.3,"1002859","35M","100,000,000+","Free","0","Everyone","Business","August 2, 2018","9.7.14188","4.1 and up"
"Mind Map AR, Augmented Reality ARCore Mind Mapping","PRODUCTIVITY",4.2,"29","35M","5,000+","Free","0","Everyone","Productivity","July 26, 2018","1.23","7.0 and up"
"EF Coach","HEALTH_AND_FITNESS",4.8,"17","14M","500+","Free","0","Everyone","Health & Fitness","March 12, 2018","1.1.1","4.4 and up"
"Draw A Stickman","GAME",3.4,"29265","17M","1,000,000+","Free","0","Everyone","Adventure","May 19, 2017","1.1.0","4.0.3 and up"
"Howlr","DATING",3.9,"105","27M","5,000+","Free","0","Mature 17+","Dating","June 19, 2018","1.0.4","4.4 and up"
"Living Smart Home","HOUSE_AND_HOME",4.6,"39189","Varies with device","1,000,000+","Free","0","Everyone","House & Home","July 30, 2018","Varies with device","Varies with device"
"OnePlus Icon Pack","PERSONALIZATION",4.8,"440","920k","500,000+","Free","0","Everyone","Personalization","May 23, 2018","1.9.2.180419172639.dbf3246","5.0 and up"
"Real Estate by Movoto","LIFESTYLE",4.4,"3114","13M","100,000+","Free","0","Everyone","Lifestyle","February 20, 2018","6.1","4.0.3 and up"
"My Diet Diary Calorie Counter","HEALTH_AND_FITNESS",4.1,"18539","57M","1,000,000+","Free","0","Everyone","Health & Fitness","July 30, 2018","1.11.4","4.0.3 and up"
"DreamMapper","MEDICAL",4.2,"10710","8.5M","100,000+","Free","0","Everyone","Medical","July 3, 2018","2.15","5.0 and up"
"Christella VoiceUp","MEDICAL",4.1,"38","70M","5,000+","Free","0","Everyone","Medical","July 12, 2018","2.1.4","4.1 and up"
"Calorie Counter - MyFitnessPal","HEALTH_AND_FITNESS",4.6,"1873520","Varies with device","50,000,000+","Free","0","Everyone","Health & Fitness","July 31, 2018","Varies with device","Varies with device"
"Santa Fe VIP Tours","TRAVEL_AND_LOCAL",NA,"1","22M","100+","Free","0","Everyone","Travel & Local","August 19, 2017","2.8","4.0 and up"
"Lavender Emoji Keyboard Theme","PERSONALIZATION",4.1,"12008","6.1M","1,000,000+","Free","0","Everyone","Personalization","May 27, 2016","5.0","4.0 and up"
"Al Quran Free - ÿßŸÑŸÇÿ±ÿ¢ŸÜ (Islam)","BOOKS_AND_REFERENCE",4.7,"1777","23M","50,000+","Free","0","Everyone","Books & Reference","February 15, 2015","1.1","2.2 and up"
"DIY CD Craft Ideas","LIFESTYLE",4.4,"5","4.6M","1,000+","Free","0","Everyone","Lifestyle","January 14, 2017","1.0","2.3 and up"
"MeAuDote - An act of love that saves a life","EVENTS",NA,"250","23M","1,000+","Free","0","Everyone","Events","June 22, 2018","1.0.11","4.1 and up"
"TheFork - Restaurants booking and special offers","FOOD_AND_DRINK",4.3,"37517","17M","5,000,000+","Free","0","Everyone","Food & Drink","July 20, 2018","11.11.1","4.1 and up"
"SnpCupid Dating","DATING",3.5,"1093","5.8M","100,000+","Free","0","Mature 17+","Dating","January 28, 2017","1.6.6","4.2 and up"
"ES Themes -- Classic Theme","PERSONALIZATION",4.4,"77609","1.9M","1,000,000+","Free","0","Everyone","Personalization","April 24, 2015","1.14","1.6 and up"
"Register.ca Mobile","PRODUCTIVITY",NA,"0","1.2M","100+","Free","0","Everyone","Productivity","August 19, 2016","2.0","5.0 and up"
"Meme Creator","ENTERTAINMENT",4.2,"38769","44M","1,000,000+","Free","0","Mature 17+","Entertainment","September 22, 2015","7.2.3","2.3 and up"
"BankNordik","FINANCE",3.9,"28","15M","5,000+","Free","0","Everyone","Finance","August 8, 2018","7.3.2","5.0 and up"
"FarmersOnly Dating","DATING",3,"1145","1.4M","100,000+","Free","0","Mature 17+","Dating","February 25, 2016","2.2","4.0 and up"
"8 Ball Pool","SPORTS",4.5,"14184910","52M","100,000,000+","Free","0","Everyone","Sports","July 31, 2018","4.0.0","4.0.3 and up"
"FiSwitch","TOOLS",4.8,"615","2.0M","10,000+","Paid","$1.99","Everyone","Tools","July 24, 2018","5.2","5.0 and up"
"Hustle Castle: Fantasy Kingdom","GAME",4.7,"584126","64M","10,000,000+","Free","0","Everyone 10+","Role Playing","July 27, 2018","1.5.4","4.1 and up"
"DM TrackMan","MAPS_AND_NAVIGATION",NA,"10","7.8M","100+","Free","0","Everyone","Maps & Navigation","June 26, 2018","2.1.0","4.4 and up"
"Learn English Words Free","EDUCATION",4.6,"172640","14M","5,000,000+","Free","0","Everyone","Education","May 2, 2018","2.6.2","4.1 and up"
"Talking Ginger","FAMILY",4.2,"1752017","52M","100,000,000+","Free","0","Everyone","Entertainment","July 5, 2018","2.5.6.11","4.1 and up"
"Ruler","HOUSE_AND_HOME",4.7,"126","1.9M","10,000+","Free","0","Everyone","House & Home","August 21, 2017","1.0","4.0 and up"
"Kids Educational :All in One","FAMILY",4.5,"1455","8.9M","500,000+","Free","0","Everyone","Education;Education","February 1, 2018","2.7","2.3 and up"
"Truck Simulator DT 3D","FAMILY",3.8,"110","22M","5,000+","Free","0","Everyone","Simulation","April 23, 2017","1.0.6","2.3 and up"
"cm to inches | centimeters to inches conversion","TOOLS",4.8,"52","1.9M","5,000+","Free","0","Everyone","Tools","May 7, 2018","1.3.2","4.0 and up"
"LightX Photo Editor & Photo Effects","PHOTOGRAPHY",4.7,"259450","17M","10,000,000+","Free","0","Everyone","Photography","May 24, 2018","1.0.4","4.1 and up"
"FaceApp","PHOTOGRAPHY",4.4,"346681","7.1M","10,000,000+","Free","0","Everyone","Photography","February 10, 2018","2.0.949","4.4 and up"
"Talking Angela","ENTERTAINMENT",3.7,"1828284","52M","100,000,000+","Free","0","Everyone","Entertainment","July 12, 2018","2.8.2","4.1 and up"
"CNN Breaking US & World News","NEWS_AND_MAGAZINES",4,"293080","25M","10,000,000+","Free","0","Everyone 10+","News & Magazines","August 6, 2018","5.17","4.4 and up"
"Swift for Facebook Lite","SOCIAL",4.3,"9562","5.8M","500,000+","Free","0","Teen","Social","May 31, 2018","4.1.0","Varies with device"
"Bomber Friends","GAME",4.5,"776730","49M","10,000,000+","Free","0","Everyone 10+","Action","July 26, 2018","2.23","4.0.3 and up"
"Glitter Color By Number - Glitter Number Coloring","FAMILY",3.5,"1380","6.9M","500,000+","Free","0","Everyone","Entertainment","July 18, 2018","1.6","4.0 and up"
"Brightest Flashlight - LED Light","TOOLS",4.5,"876866","9.1M","50,000,000+","Free","0","Everyone","Tools","July 27, 2018","1.4.9","4.0.3 and up"
"Smart TV Remote","TOOLS",3.5,"81747","9.1M","10,000,000+","Free","0","Everyone","Tools","May 26, 2018","3.8.2","4.1 and up"
"Lennox iComfort Wi-Fi","LIFESTYLE",3,"552","7.6M","50,000+","Free","0","Everyone","Lifestyle","March 22, 2017","2.0.15","2.3.3 and up"
"DW Audio","FAMILY",4.9,"38","5.0M","1,000+","Free","0","Everyone","Education","June 16, 2017","0.9.0","4.1 and up"
"OMG Gross Zit - Date Nightmare","FAMILY",3.7,"70105","67M","10,000,000+","Free","0","Everyone","Casual","June 6, 2018","1.0.3","4.1 and up"
"Download Manager - File & Video","TOOLS",3.9,"8780","5.0M","1,000,000+","Free","0","Everyone","Tools","June 13, 2018","2.7.5","4.2 and up"
"DB FahrtProfi","TRAVEL_AND_LOCAL",NA,"1","10M","1,000+","Free","0","Everyone","Travel & Local","May 4, 2017","1.0.2","4.2 and up"
"B612 - Beauty & Filter Camera","PHOTOGRAPHY",4.4,"5282578","Varies with device","100,000,000+","Free","0","Everyone","Photography","July 30, 2018","7.6.5","4.3 and up"
"CW BLE Peripheral Simulator","COMMUNICATION",NA,"2","1.5M","500+","Free","0","Everyone","Communication","March 8, 2017","1.0","4.4 and up"
"FG SPINNER","GAME",NA,"2","36M","10+","Free","0","Everyone","Board","April 6, 2018","0.90","4.0.3 and up"
"theScore: Live Sports Scores, News, Stats & Videos","SPORTS",4.4,"133833","34M","10,000,000+","Free","0","Everyone 10+","Sports","July 25, 2018","6.17.2","4.4 and up"
"H-Connect","HEALTH_AND_FITNESS",4,"50","15M","5,000+","Free","0","Everyone","Health & Fitness","July 3, 2018","2.14","4.4 and up"
"Advanced Download Manager Holo","TOOLS",4.4,"16192","1.6M","1,000,000+","Free","0","Everyone","Tools","July 13, 2016","4.1.9o","4.0 and up"
"Study Checker","EDUCATION",4.2,"3816","2.6M","500,000+","Free","0","Everyone","Education","May 4, 2016","3.6.0.115_FN","2.3 and up"
"Waze - GPS, Maps, Traffic Alerts & Live Navigation","MAPS_AND_NAVIGATION",4.6,"7232629","Varies with device","100,000,000+","Free","0","Everyone","Maps & Navigation","July 29, 2018","Varies with device","Varies with device"
"U get - Wireless Speed Test","TOOLS",4.2,"26","2.2M","5,000+","Free","0","Everyone","Tools","June 4, 2018","1.3.5","4.0 and up"
"Bed Time Fan - White Noise Sleep Sounds","LIFESTYLE",4.5,"10097","7.5M","500,000+","Free","0","Everyone","Lifestyle","April 26, 2018","1.2","4.0 and up"
"Bf Light","BUSINESS",NA,"6","11M","1,000+","Free","0","Everyone","Business","February 9, 2017","1.0","4.1 and up"
"ESPN Fantasy Sports","SPORTS",4,"176487","10M","5,000,000+","Free","0","Everyone","Sports","November 21, 2017","5.3.0","4.4 and up"
"Disney Princess Palace Pets","FAMILY",3.9,"60097","19M","1,000,000+","Free","0","Everyone","Entertainment;Pretend Play","February 10, 2018","5.1","4.2 and up"
"Jurassic World‚Ñ¢ Alive","GAME",4.3,"309176","70M","5,000,000+","Free","0","Everyone 10+","Simulation","August 2, 2018","1.3.15","4.4 and up"
"Avatar Musik","GAME",3.8,"159063","85M","1,000,000+","Free","0","Everyone","Music","February 9, 2018","0.8.0","4.0 and up"
"Crazy Freekick","SPORTS",3.9,"47688","17M","5,000,000+","Free","0","Everyone","Sports","May 18, 2016","1.0.15","2.3 and up"
"California Cop Assist CA Cop","PRODUCTIVITY",3,"5","7.0M","100+","Paid","$4.99","Everyone","Productivity","February 11, 2014","1.3","2.2 and up"
"Garden Photo Frames - Garden Photo Editor","PHOTOGRAPHY",4.4,"1864","13M","500,000+","Free","0","Everyone","Photography","May 3, 2018","22.0","4.0.3 and up"
"Ac remote control","TOOLS",3.7,"822","5.0M","50,000+","Free","0","Everyone","Tools","February 27, 2017","1.1","2.3 and up"
"Partymasters - Fun Idle Game","GAME",4.6,"541144","63M","10,000,000+","Free","0","Teen","Arcade","July 12, 2018","1.2.5","5.0 and up"
"A Call From Santa Claus!","FAMILY",3.9,"3720","11M","1,000,000+","Free","0","Everyone","Entertainment","December 4, 2016","4.2.3","4.0.3 and up"
"Ski Safari: Adventure Time","FAMILY",4.5,"48754","9.3M","100,000+","Paid","$0.99","Everyone","Arcade;Action & Adventure","October 7, 2014","1.5.2","2.3 and up"
"Oklahoma Ag Co-op Council","COMMUNICATION",NA,"0","4.9M","10+","Free","0","Everyone","Communication","July 23, 2018","2.2.3","4.0.3 and up"
"payermonstationnement.fr","MAPS_AND_NAVIGATION",NA,"38","9.8M","5,000+","Free","0","Everyone","Maps & Navigation","June 13, 2018","2.0.148.0","4.0 and up"
"DB Event App","SOCIAL",2.4,"37","37M","5,000+","Free","0","Teen","Social","June 25, 2017","1.0","4.1 and up"
"Rope'n'Fly 3 - Dusk Till Dawn","GAME",4,"166033","23M","10,000,000+","Free","0","Everyone 10+","Arcade","January 31, 2018","3.6","2.3 and up"
"FD VR - Virtual 3D Web Browser","FAMILY",3.8,"729","30M","100,000+","Free","0","Everyone","Entertainment","March 9, 2018","4.6.12c","4.4 and up"
"Cristiano Ronaldo Wallpaper","SPORTS",4.6,"1733","19M","500,000+","Free","0","Everyone","Sports","July 17, 2018","2.1","4.1 and up"
"Dirt Trackin Sprint Cars","GAME",3.8,"499","47M","10,000+","Paid","$3.99","Everyone","Racing","May 10, 2018","1.0.13","5.0 and up"
"Digital TV","ENTERTAINMENT",3.1,"5241","Varies with device","5,000,000+","Free","0","Everyone","Entertainment","June 6, 2018","Varies with device","6.0 and up"
"Modern Counter Global Strike 3D V2","GAME",4,"368","48M","50,000+","Free","0","Everyone 10+","Action","March 28, 2018","1.7","4.1 and up"
"Flud (Ad free)","VIDEO_PLAYERS",4.8,"5639","Varies with device","10,000+","Paid","$1.49","Everyone","Video Players & Editors","September 7, 2017","Varies with device","Varies with device"
"Acorns - Invest Spare Change","FINANCE",4.3,"45962","Varies with device","1,000,000+","Free","0","Everyone","Finance","July 31, 2018","Varies with device","Varies with device"
"myAT&T","PRODUCTIVITY",3.7,"80847","Varies with device","50,000,000+","Free","0","Everyone","Productivity","July 18, 2018","Varies with device","5.0 and up"
"Dr. Unblock","FAMILY",3.9,"3847","4.3M","1,000,000+","Free","0","Everyone","Puzzle","January 3, 2018","1.05","4.1 and up"
"Beauty Makeup Snappy Collage Photo Editor - Lidow","PHOTOGRAPHY",4.5,"420973","Varies with device","10,000,000+","Free","0","Everyone","Photography","August 2, 2018","Varies with device","Varies with device"
"BG Cable TV","FAMILY",NA,"5","2.8M","1,000+","Free","0","Everyone","Entertainment","February 25, 2018","1.0","4.1 and up"
"Dr. Battery - Fast Charger - Super Cleaner 2018","TOOLS",4.5,"101738","10M","1,000,000+","Free","0","Everyone","Tools","July 26, 2018","2.2.82","4.0 and up"
"NeuroNation - Focus and Brain Training","EDUCATION",4.5,"248555","Varies with device","5,000,000+","Free","0","Everyone","Education;Brain Games","May 23, 2018","Varies with device","4.0.3 and up"
"FlashLight HD LED Pro","TOOLS",4.7,"4928","Varies with device","50,000+","Paid","$2.99","Everyone","Tools","July 28, 2018","Varies with device","Varies with device"
"gps tracker cg","TOOLS",NA,"0","1.4M","50+","Free","0","Everyone","Tools","May 27, 2017","1.0","4.1 and up"
"Ultimate Ab & Core Workouts","HEALTH_AND_FITNESS",4.7,"55571","12M","1,000,000+","Free","0","Everyone","Health & Fitness","February 21, 2018","1.23","4.0 and up"
"Stupid Zombies","GAME",4.5,"464900","33M","10,000,000+","Free","0","Teen","Arcade","June 27, 2018","2.0.5","4.2 and up"
"AZ Rockets","GAME",4.2,"162","37M","10,000+","Free","0","Everyone","Arcade","May 25, 2018","1.2.1","4.1 and up"
"Dr.Slender Ep 1 Guide (Eng)","GAME",4,"454","27M","10,000+","Free","0","Teen","Arcade","December 2, 2014","1.0","2.3 and up"
"abeoCoder","MEDICAL",3.1,"83","3.2M","10,000+","Free","0","Everyone","Medical","July 30, 2018","6.6","4.1 and up"
"Zocdoc: Find Doctors & Book Appointments","MEDICAL",4.5,"6099","38M","500,000+","Free","0","Everyone","Medical","July 31, 2018","3.18.2","4.3 and up"
"Guns'n'Glory Premium","FAMILY",4.4,"3570","21M","100,000+","Paid","$2.99","Everyone 10+","Strategy","September 22, 2017","1.8.1","2.3.3 and up"
"Do It Later: Tasks & To-Dos","PRODUCTIVITY",4.5,"123412","Varies with device","50,000,000+","Free","0","Everyone","Productivity","April 13, 2018","Varies with device","Varies with device"
"DX Simulation for Double Dx Henshin Belt 2018","FAMILY",4.6,"33","11M","5,000+","Free","0","Everyone","Simulation","August 6, 2018","1.5","4.0.3 and up"
"Choices: Stories You Play","GAME",4.6,"807338","93M","10,000,000+","Free","0","Teen","Simulation","July 30, 2018","2.3.5","4.0.3 and up"
"Bayview Hill AH","MEDICAL",NA,"0","29M","50+","Free","0","Everyone","Medical","June 6, 2018","300000.1.08","4.0.3 and up"
"Official QR Code¬Æ Reader ""Q""","PRODUCTIVITY",4.4,"3031","Varies with device","500,000+","Free","0","Everyone","Productivity","March 23, 2018","Varies with device","Varies with device"
"Arizona Trail","TRAVEL_AND_LOCAL",4.7,"65","13M","5,000+","Free","0","Everyone","Travel & Local","April 6, 2017","6.0.19","4.1 and up"
"BV Aventure","TRAVEL_AND_LOCAL",NA,"0","5.0M","100+","Free","0","Everyone","Travel & Local","July 22, 2016","1.3.6","4.0 and up"
"funny Image Comments for FB","SOCIAL",3.9,"19","15M","5,000+","Free","0","Teen","Social","February 13, 2018","2.0","4.1 and up"
"Sway Medical","MEDICAL",5,"3","22M","100+","Free","0","Everyone","Medical","July 25, 2018","3.0.0","5.0 and up"
"Anthem Anywhere","MEDICAL",2.7,"2657","24M","500,000+","Free","0","Everyone","Medical","July 27, 2018","8.0.226","4.4 and up"
"Results for FL Lottery","NEWS_AND_MAGAZINES",4.6,"146","7.1M","10,000+","Free","0","Everyone","News & Magazines","February 28, 2017","3.0","4.1 and up"
"Status For WhatsApp DP - pro","PERSONALIZATION",4.4,"49","12M","10,000+","Free","0","Teen","Personalization","May 31, 2018","1.7","4.1 and up"
"McDonald's - McDonald's Japan","FOOD_AND_DRINK",3.4,"109784","64M","10,000,000+","Free","0","Everyone","Food & Drink","August 3, 2018","4.0.30","4.0.3 and up"
"Ex Service Taxis","BUSINESS",3.5,"15","8.0M","1,000+","Free","0","Everyone","Business","October 21, 2015","20.7.9.2","2.3 and up"
"Benefits of olive oil with garlic","LIBRARIES_AND_DEMO",NA,"25","2.5M","10,000+","Free","0","Everyone","Libraries & Demo","June 23, 2018","1.0","4.0.3 and up"
"Zumper - Apartment Rental Finder","HOUSE_AND_HOME",4.4,"11200","25M","1,000,000+","Free","0","Everyone","House & Home","July 16, 2018","4.5.15","5.0 and up"
"Masha and the Bear","FAMILY",4.4,"15105","36M","1,000,000+","Free","0","Everyone","Education","June 11, 2018","3.1.8","4.3 and up"
"Weapons simulator AK-47","FAMILY",4.1,"21","26M","5,000+","Free","0","Everyone","Simulation","May 15, 2017","1","4.1 and up"
"DIY Garden Ideas","LIFESTYLE",4.1,"3309","13M","500,000+","Free","0","Everyone","Lifestyle","August 5, 2018","10.0","4.0 and up"
"Klara weather","WEATHER",4.6,"36900","4.8M","500,000+","Free","0","Everyone","Weather","July 28, 2018","1.3.6","4.0 and up"
"Philips Hue","LIFESTYLE",3.1,"10006","53M","1,000,000+","Free","0","Everyone","Lifestyle","July 26, 2018","3.2.0","5.0 and up"
"ZenUI Keyboard ‚Äì Emoji, Theme","TOOLS",4.5,"537554","Varies with device","10,000,000+","Free","0","Everyone","Tools","August 1, 2018","Varies with device","Varies with device"
"Video Player All Format","VIDEO_PLAYERS",4.8,"259003","Varies with device","10,000,000+","Free","0","Everyone","Video Players & Editors","August 3, 2018","Varies with device","4.3 and up"
"Super Funny Ringtones 2018 üîî","LIBRARIES_AND_DEMO",4.5,"1703","22M","100,000+","Free","0","Everyone","Libraries & Demo","March 1, 2018","3.1","4.0.3 and up"
"BV Frankfurt inside","SPORTS",NA,"3","4.8M","50+","Free","0","Everyone","Sports","June 21, 2018","1.5","4.4 and up"
"Ethical Hacking","FAMILY",4.1,"128","3.2M","10,000+","Free","0","Everyone","Education","July 9, 2018","1.3","4.0.3 and up"
"Mas Akƒ±llƒ± Ev","HOUSE_AND_HOME",NA,"13","43M","100+","Free","0","Everyone","House & Home","April 18, 2018","3.2","4.4 and up"
"EH Autolink","BUSINESS",NA,"1","921k","100+","Free","0","Everyone","Business","March 11, 2016","1.0","3.0 and up"
"iTranslate Translator & Dictionary","PRODUCTIVITY",4.3,"201718","35M","10,000,000+","Free","0","Everyone","Productivity","July 11, 2018","4.6.15","4.1 and up"
"Speed Booster - Ram, Battery & Game Speed Booster","TOOLS",4.7,"85079","2.8M","1,000,000+","Free","0","Everyone","Tools","July 17, 2018","1.0.4","2.3 and up"
"hum app","MAPS_AND_NAVIGATION",4.4,"10218","78M","1,000,000+","Free","0","Everyone","Maps & Navigation","July 31, 2018","5.072.1830.2","4.2 and up"
"CZ-Cyberon Voice Commander","TOOLS",3.8,"131","3.3M","1,000+","Paid","$5.99","Everyone","Tools","March 7, 2017","3.2.17030601","2.2 and up"
"Step By Step Eyes Makeup Tutorial","BEAUTY",4.4,"74","2.9M","10,000+","Free","0","Everyone","Beauty","April 5, 2018","2.3.09","4.0.3 and up"
"Lotto Results - Mega Millions Powerball Lottery US","NEWS_AND_MAGAZINES",4.5,"14221","1.8M","1,000,000+","Free","0","Teen","News & Magazines","December 11, 2015","2.0.3","2.3.3 and up"
"Radio FG Paris Underground","FAMILY",NA,"3","1.7M","100+","Free","0","Teen","Entertainment","July 26, 2015","2","2.2 and up"
"Nigeria News NAIJ.com","NEWS_AND_MAGAZINES",4.3,"37882","9.1M","1,000,000+","Free","0","Teen","News & Magazines","June 1, 2018","8.2.9","4.0.3 and up"
"Chest Tracker for Clash Royale","TOOLS",4.3,"77717","14M","5,000,000+","Free","0","Everyone","Tools","December 29, 2016","1.2.0","4.1 and up"
"MARVEL Strike Force","FAMILY",4.3,"166312","91M","5,000,000+","Free","0","Teen","Role Playing","July 31, 2018","1.4.0","4.4 and up"
"Automagic * Automation","TOOLS",4.7,"1947","Varies with device","10,000+","Paid","$3.90","Everyone","Tools","May 19, 2018","Varies with device","Varies with device"
"Anti Adware","TOOLS",3.9,"18751","3.6M","1,000,000+","Free","0","Everyone","Tools","June 19, 2018","3.6","4.1 and up"
"Miss FQ","NEWS_AND_MAGAZINES",NA,"0","36M","10+","Free","0","Everyone","News & Magazines","April 5, 2018","3.8","4.4 and up"
"Booking.com Travel Deals","TRAVEL_AND_LOCAL",4.7,"1830388","Varies with device","100,000,000+","Free","0","Everyone","Travel & Local","August 6, 2018","Varies with device","Varies with device"
"Next Launcher 3D Bold-CF Theme","PERSONALIZATION",4.4,"175","5.5M","1,000+","Paid","$0.99","Everyone","Personalization","January 11, 2014","1.042","2.2 and up"
"DM Collection","SHOPPING",NA,"3","1.2M","100+","Free","0","Everyone","Shopping","June 25, 2015","1.1","2.2 and up"
"Run R Script - Online Statistical Data Analysis","FAMILY",3.9,"8","6.2M","1,000+","Free","0","Everyone","Education","April 4, 2018","1.1 Build 226","2.2 and up"
"I Am Innocent","GAME",4.4,"208501","56M","1,000,000+","Free","0","Teen","Adventure","July 23, 2018","2.8.307","4.0.3 and up"
"BW Mobilbanking f√ºr Smartphone und Tablet","FINANCE",4.1,"2048","24M","100,000+","Free","0","Everyone","Finance","July 10, 2018","4.2.0","4.4 and up"
"ColorSnap¬Æ Visualizer","HOUSE_AND_HOME",3.4,"3280","77M","1,000,000+","Free","0","Everyone","House & Home","June 29, 2018","5.0.1","4.0.3 and up"
"My baby firework","PARENTING",3.7,"4976","2.8M","1,000,000+","Free","0","Everyone","Parenting;Education","May 28, 2018","2.04.2714","4.0 and up"
"How Old am I?","FAMILY",2.8,"4635","3.9M","1,000,000+","Free","0","Everyone","Entertainment","January 1, 2018","1.7","4.0 and up"
"IMDb Movies & TV","ENTERTAINMENT",4.2,"501498","12M","100,000,000+","Free","0","Teen","Entertainment","July 26, 2018","Varies with device","Varies with device"
"EP Lab Digest","MEDICAL",2.3,"11","12M","500+","Free","0","Everyone","Medical","July 12, 2018","1000000.6","4.1 and up"
"Discovery Insure","MAPS_AND_NAVIGATION",2.8,"1911","20M","100,000+","Free","0","Everyone","Maps & Navigation","March 17, 2018","di-v3.4.0.4","4.3 and up"
"TETRIS Blitz","FAMILY",4.4,"201631","96M","5,000,000+","Free","0","Everyone","Puzzle","June 1, 2018","4.4.4","4.1 and up"
"Doctor X - ER On Wheels","FAMILY",3.6,"12781","51M","1,000,000+","Free","0","Everyone","Casual;Pretend Play","June 6, 2018","1.0.9","4.1 and up"
"C++ Programming","EDUCATION",4.3,"11904","1.8M","1,000,000+","Free","0","Everyone","Education","August 22, 2015","2.0","2.3 and up"
"Cat Sim Online: Play with Cats","FAMILY",4.6,"137198","81M","5,000,000+","Free","0","Everyone 10+","Simulation","April 22, 2018","3.7","4.0 and up"
"Maleficent Free Fall","FAMILY",4.4,"450013","37M","10,000,000+","Free","0","Everyone","Puzzle","July 11, 2018","5.9.0","4.2 and up"
"Digit Save Money Automatically","FINANCE",4.5,"8188","22M","100,000+","Free","0","Everyone","Finance","July 31, 2018","2.29.01","4.1 and up"
"DF SmartPlus","TOOLS",NA,"0","36M","10+","Free","0","Everyone","Tools","February 23, 2018","1.0.1","4.1 and up"
"Ditto CP Calculator GO","TOOLS",4.3,"34","12M","1,000+","Free","0","Everyone","Tools","February 25, 2018","1.9","4.0.3 and up"
"OkCupid Dating","DATING",4.1,"285726","15M","10,000,000+","Free","0","Mature 17+","Dating","July 30, 2018","11.10.1","4.1 and up"
"AE Bulletins","BOOKS_AND_REFERENCE",4.5,"14","30M","1,000+","Free","0","Everyone","Books & Reference","July 18, 2018","2.2.5","4.0.3 and up"
"Red Hands ‚Äì 2-Player Games","GAME",4.2,"93608","Varies with device","10,000,000+","Free","0","Everyone","Action","February 9, 2018","Varies with device","Varies with device"
"Viber Messenger","COMMUNICATION",4.3,"11334973","Varies with device","500,000,000+","Free","0","Everyone","Communication","July 18, 2018","Varies with device","Varies with device"
"Tennis 24 - tennis live scores","SPORTS",4.6,"990","9.4M","100,000+","Free","0","Everyone","Sports","July 18, 2018","2.28.1","4.1 and up"
"ai.Bot Box","PRODUCTIVITY",NA,"0","Varies with device","10,000+","Free","0","Everyone","Productivity","March 1, 2017","Varies with device","Varies with device"
"BLACKJACK!","GAME",4.4,"524467","33M","10,000,000+","Free","0","Teen","Casino","July 7, 2016","1.126","2.3.3 and up"
"The Coupons App","SHOPPING",4.5,"181990","Varies with device","10,000,000+","Free","0","Everyone","Shopping","April 27, 2018","Varies with device","Varies with device"
"Free Florida DMV Test 2018","FAMILY",4.1,"665","5.3M","50,000+","Free","0","Everyone","Education","May 24, 2018","8.1","4.0.3 and up"
"JailBase - Arrests + Mugshots","NEWS_AND_MAGAZINES",4,"17240","Varies with device","1,000,000+","Free","0","Everyone 10+","News & Magazines","August 3, 2018","Varies with device","4.1 and up"
"FK Bregalnica ≈†tip","SPORTS",NA,"0","26M","1+","Free","0","Everyone","Sports","February 24, 2018","1.0","4.1 and up"
"Bike Computer - GPS Cycling Tracker","HEALTH_AND_FITNESS",4.4,"12029","4.3M","1,000,000+","Free","0","Everyone","Health & Fitness","August 4, 2018","2.6","4.2 and up"
"Flippy Campus - Buy & sell on campus at a discount","EDUCATION",4,"889","7.4M","500,000+","Free","0","Everyone","Education","March 9, 2018","2.2.4","4.2 and up"
"EdiRange","TOOLS",3,"736","1.8M","100,000+","Free","0","Everyone","Tools","July 5, 2017","1.11","4.0.3 and up"
"T-Mobile DIGITS","COMMUNICATION",3,"1820","33M","100,000+","Free","0","Everyone","Communication","February 15, 2018","1.1.50","4.4 and up"
"Sentin Information Map","MAPS_AND_NAVIGATION",4.1,"2909","5.2M","100,000+","Free","0","Everyone","Maps & Navigation","June 26, 2018","1.39","4.1 and up"
"Rolly Vortex","GAME",4.4,"98123","40M","10,000,000+","Free","0","Teen","Arcade","May 25, 2018","1.7.0","4.1 and up"
"Find Real Love ‚Äî YouLove Premium Dating","DATING",4.5,"212626","11M","10,000,000+","Free","0","Mature 17+","Dating","July 31, 2018","4.17.2","4.1 and up"
"Bu Nedir ?","GAME",NA,"0","33M","50+","Free","0","Everyone","Trivia","April 15, 2018","3.1.6z","4.0.3 and up"
"FO STELIA M√©aulte","COMMUNICATION",NA,"2","18M","100+","Free","0","Everyone","Communication","December 19, 2017","1.1","4.1 and up"
"Seattle Sounders FC","SPORTS",3.3,"974","33M","10,000+","Free","0","Everyone","Sports","August 1, 2018","2018.0.12","4.1 and up"
"Bitmoji ‚Äì Your Personal Emoji","FAMILY",4.6,"2312084","Varies with device","100,000,000+","Free","0","Teen","Entertainment","July 25, 2018","Varies with device","4.3 and up"
"BBW Dating & Plus Size Chat","DATING",4.4,"12633","29M","1,000,000+","Free","0","Mature 17+","Dating","July 27, 2018","3.5.0.1","4.1 and up"
"Race the Traffic Moto","GAME",3.8,"270687","38M","10,000,000+","Free","0","Teen","Racing","July 20, 2018","1.0.16","4.0.3 and up"
"Universal AC Remote Control Simulator","FAMILY",3,"119","3.9M","50,000+","Free","0","Everyone","Entertainment","December 22, 2017","1.0","4.0 and up"
"Logo Maker - Small Business","ART_AND_DESIGN",4,"450","14M","100,000+","Free","0","Everyone","Art & Design","April 20, 2018","4.0","4.1 and up"
"Crime Wars S. Andreas","GAME",4.3,"5785","93M","500,000+","Free","0","Teen","Racing","April 12, 2017","1.2","2.3 and up"
"Coupon Sherpa","SHOPPING",4.4,"7793","6.1M","500,000+","Free","0","Everyone","Shopping","February 6, 2018","3.0.3","4.0.3 and up"
"Lifeguard Beach Rescue ER Emergency Hospital Games","FAMILY",3.9,"519","76M","100,000+","Free","0","Everyone","Simulation","August 7, 2018","12","4.1 and up"
"CJ VLC HD Remote (+ Stream)","VIDEO_PLAYERS",4.2,"4074","1.3M","500,000+","Free","0","Everyone","Video Players & Editors","November 13, 2013","1.2.4","2.1 and up"
"Marble - Temple Quest","GAME",4.3,"42053","24M","10,000,000+","Free","0","Everyone","Puzzle","June 21, 2018","4.9","4.0.3 and up"
"AC Remote for Carrier - NOW FREE","TOOLS",3.7,"163","26M","10,000+","Free","0","Everyone","Tools","July 30, 2018","6.1.7","4.2 and up"
"Chemin (fr)","BOOKS_AND_REFERENCE",4.8,"44","619k","1,000+","Free","0","Everyone","Books & Reference","March 23, 2014","0.8","2.2 and up"
"X Back - Icon Pack","PERSONALIZATION",4.5,"56","26M","10,000+","Paid","$0.99","Everyone","Personalization","June 29, 2018","1.6.2","4.1 and up"
"Brexit EU","FAMILY",4.4,"7","7.5M","500+","Free","0","Everyone","Casual","March 10, 2016","1.0","2.3 and up"
"CI View","BUSINESS",NA,"2","9.9M","100+","Free","0","Everyone","Business","April 19, 2017","2.9","4.1 and up"
"Inputting Plus: Ctrl + Z/F/C/V","PRODUCTIVITY",4.2,"1117","3.0M","50,000+","Free","0","Everyone","Productivity","October 18, 2017","1.0.6","5.0 and up"
"Cookbook Recipes","FOOD_AND_DRINK",4.1,"46539","Varies with device","5,000,000+","Free","0","Teen","Food & Drink","July 23, 2018","Varies with device","Varies with device"
"Ovia Fertility Tracker & Ovulation Calculator","MEDICAL",4.8,"53747","13M","1,000,000+","Free","0","Everyone","Medical","July 27, 2018","Varies with device","4.3 and up"
"DV KING 4K","PHOTOGRAPHY",2.3,"3","8.5M","100+","Free","0","Everyone","Photography","July 17, 2018","1.0.10","4.0 and up"
"ICQ ‚Äî Video Calls & Chat Messenger","COMMUNICATION",4.4,"697939","Varies with device","10,000,000+","Free","0","Everyone","Communication","July 18, 2018","7.3(823181)","4.4 and up"
"Ah !","FAMILY",NA,"3","22M","50+","Free","0","Everyone","Entertainment","December 27, 2017","1.1.2","5.0 and up"
"CD Carpe Diem App","FAMILY",NA,"17","27M","100+","Free","0","Everyone","Education","July 18, 2018","2","4.1 and up"
"Permit Test Connecticut CT DMV","FAMILY",4.6,"186","9.6M","10,000+","Free","0","Everyone","Education","October 12, 2017","2.9.0","4.1 and up"
"justWink Greeting Cards","LIFESTYLE",4.6,"69177","15M","1,000,000+","Free","0","Teen","Lifestyle","August 2, 2017","2.7.3","4.4 and up"
"Dr. 2048","FAMILY",3.9,"1985","3.5M","500,000+","Free","0","Everyone","Puzzle","December 30, 2017","1.05","4.1 and up"
"ES File Explorer & File Manager 2018","TOOLS",3.8,"24","2.9M","5,000+","Free","0","Everyone","Tools","March 17, 2018","1.1","4.2 and up"
"BF games","FAMILY",4.1,"262","29M","50,000+","Free","0","Everyone","Puzzle","November 1, 2017","1.1","4.0.3 and up"
"Friday: Smart Personal Assistant","PRODUCTIVITY",4.4,"2087","8.3M","100,000+","Free","0","Everyone","Productivity","June 24, 2018","20","5.0 and up"
"Quiz: Logo game","GAME",4.5,"306764","29M","10,000,000+","Free","0","Everyone","Trivia","August 3, 2018","6.2","4.0.3 and up"
"ibis Paint X","ART_AND_DESIGN",4.6,"224399","31M","10,000,000+","Free","0","Everyone","Art & Design","July 30, 2018","5.5.4","4.1 and up"
"Truck Transport Raw Material","FAMILY",4.2,"632","50M","100,000+","Free","0","Everyone","Simulation","July 20, 2018","1.4","4.1 and up"
"FP Connect","COMMUNICATION",NA,"0","22M","100+","Free","0","Teen","Communication","December 15, 2017","3.15.1","4.1 and up"
"Tiny Scanner Pro: PDF Doc Scan","BUSINESS",4.8,"10295","39M","100,000+","Paid","$4.99","Everyone","Business","April 11, 2017","3.4.6","3.0 and up"
"Tassa.fi Finland","LIFESTYLE",3.6,"346","7.5M","50,000+","Free","0","Everyone","Lifestyle","May 22, 2018","5.5","4.0 and up"
"Zepp Golf Swing Analyzer","SPORTS",4.4,"2020","84M","100,000+","Free","0","Everyone","Sports","May 24, 2018","4.4.0","5.0 and up"
"Subway Surfers","GAME",4.5,"27723193","76M","1,000,000,000+","Free","0","Everyone 10+","Arcade","July 12, 2018","1.90.0","4.1 and up"
"F & M Mobile Banking","FINANCE",4,"43","13M","5,000+","Free","0","Everyone","Finance","February 20, 2018","4.5.0","4.0 and up"
"X Browser","COMMUNICATION",4,"142","2.5M","50,000+","Free","0","Everyone","Communication","December 31, 2017","1.1.1","4.0 and up"
"Pi Dark [substratum]","PERSONALIZATION",4.5,"189","2.1M","10,000+","Free","0","Everyone","Personalization","March 27, 2018","1.1","NaN"
"Taha Al Junaid Quran Mp3","LIFESTYLE",4.6,"518","4.2M","50,000+","Free","0","Everyone","Lifestyle","March 25, 2017","1.1","2.3.3 and up"
"Dulquer Salmaan HD Wallpapers","PERSONALIZATION",NA,"1","3.9M","100+","Free","0","Everyone","Personalization","May 22, 2018","1.1.0","4.0 and up"
"BiggerCity: Chat for gay bears, chubs & chasers","DATING",4.1,"923","44M","100,000+","Free","0","Mature 17+","Dating","August 2, 2018","3.4.1.1","4.1 and up"